obs_fcst,score_name,score_value
D02 - P10,crps_prob,2.3400248059282958
D02 - P10,crps_exp,2.443982814497666
D02 - P10,crps_cutoff,2.690014331162846
D02 - P10,mse_prob,0.19162790310505137
D02 - P10,mse_exp,0.2556566138613861
D02 - P10,mse_cutoff,0.24703229702970292
D02 - P10,es_exp,25.186069902383977
D02 - P10,es_cutoff,33.72148337783058
D02 - P10,fss_prob_t45,1.0
D02 - P10,fss_exp_t45,1.0
D02 - P10,fss_cutoff_t45,1.0
D02 - P10,fss_prob_t55,1.0
D02 - P10,fss_exp_t55,1.0
D02 - P10,fss_cutoff_t55,1.0
D02 - P10_01,crps_prob,2.3541770697715445
D02 - P10_01,crps_exp,2.4558817034856637
D02 - P10_01,crps_cutoff,2.6994435821960576
D02 - P10_01,mse_prob,0.546580131212941
D02 - P10_01,mse_exp,0.617552188118812
D02 - P10_01,mse_cutoff,0.5128717722772277
D02 - P10_01,es_exp,25.540009699147426
D02 - P10_01,es_cutoff,33.84789207662128
D02 - P10_01,fss_prob_t45,1.0
D02 - P10_01,fss_exp_t45,1.0
D02 - P10_01,fss_cutoff_t45,1.0
D02 - P10_01,fss_prob_t55,0.9966329966329966
D02 - P10_01,fss_exp_t55,0.9966329966329966
D02 - P10_01,fss_cutoff_t55,0.9966329966329966
D02 - P10_02,crps_prob,2.3958331399178365
D02 - P10_02,crps_exp,2.49388265493216
D02 - P10_02,crps_cutoff,2.7313696666964
D02 - P10_02,mse_prob,1.5950490955406302
D02 - P10_02,mse_exp,1.6775589405940585
D02 - P10_02,mse_cutoff,1.4539689603960395
D02 - P10_02,es_exp,26.5683615838441
D02 - P10_02,es_cutoff,34.25840405397874
D02 - P10_02,fss_prob_t45,1.0
D02 - P10_02,fss_exp_t45,1.0
D02 - P10_02,fss_cutoff_t45,1.0
D02 - P10_02,fss_prob_t55,0.9872053872053872
D02 - P10_02,fss_exp_t55,0.9872053872053872
D02 - P10_02,fss_cutoff_t55,0.9872053872053872
D02 - P10_03,crps_prob,2.4639692484805575
D02 - P10_03,crps_exp,2.5562046204620463
D02 - P10_03,crps_cutoff,2.787508954499054
D02 - P10_03,mse_prob,3.321970011066129
D02 - P10_03,mse_exp,3.41320095049505
D02 - P10_03,mse_cutoff,3.060669405940593
D02 - P10_03,es_exp,28.15299817292376
D02 - P10_03,es_cutoff,34.951980122465926
D02 - P10_03,fss_prob_t45,1.0
D02 - P10_03,fss_exp_t45,1.0
D02 - P10_03,fss_cutoff_t45,1.0
D02 - P10_03,fss_prob_t55,0.9723905723905724
D02 - P10_03,fss_exp_t55,0.9723905723905724
D02 - P10_03,fss_cutoff_t55,0.9723905723905724
D02 - P10_04,crps_prob,2.5569224100870462
D02 - P10_04,crps_exp,2.6410070070070075
D02 - P10_04,crps_cutoff,2.864668470450649
D02 - P10_04,mse_prob,5.70189324757868
D02 - P10_04,mse_exp,5.80546993069307
D02 - P10_04,mse_cutoff,5.308392574257426
D02 - P10_04,es_exp,30.175928416100014
D02 - P10_04,es_cutoff,35.90547760123631
D02 - P10_04,fss_prob_t45,1.0
D02 - P10_04,fss_exp_t45,1.0
D02 - P10_04,fss_cutoff_t45,1.0
D02 - P10_04,fss_prob_t55,0.9528619528619529
D02 - P10_04,fss_exp_t55,0.9528619528619529
D02 - P10_04,fss_cutoff_t55,0.9632450331125828
D02 - P10_05,crps_prob,2.6724962480927212
D02 - P10_05,crps_exp,2.745659025361996
D02 - P10_05,crps_cutoff,2.9607449231409633
D02 - P10_05,mse_prob,8.69971199428457
D02 - P10_05,mse_exp,8.813329910891085
D02 - P10_05,mse_cutoff,8.16229644554455
D02 - P10_05,es_exp,32.52164461248112
D02 - P10_05,es_cutoff,37.097275199793
D02 - P10_05,fss_prob_t45,1.0
D02 - P10_05,fss_exp_t45,1.0
D02 - P10_05,fss_cutoff_t45,1.0
D02 - P10_05,fss_prob_t55,0.9292929292929293
D02 - P10_05,fss_exp_t55,0.9292929292929293
D02 - P10_05,fss_cutoff_t55,0.9292929292929293
D02 - P10_06,crps_prob,2.8080889965349454
D02 - P10_06,crps_exp,2.8721486833368024
D02 - P10_06,crps_cutoff,3.0741073350578305
D02 - P10_06,mse_prob,12.27159325688738
D02 - P10_06,mse_exp,12.391484336633658
D02 - P10_06,mse_cutoff,11.591617386138614
D02 - P10_06,es_exp,35.13126228641374
D02 - P10_06,es_cutoff,38.51679856466525
D02 - P10_06,fss_prob_t45,1.0
D02 - P10_06,fss_exp_t45,1.0
D02 - P10_06,fss_cutoff_t45,1.0
D02 - P10_06,fss_prob_t55,0.9023569023569024
D02 - P10_06,fss_exp_t55,0.9023569023569024
D02 - P10_06,fss_cutoff_t55,0.9023569023569024
D02 - P10_07,crps_prob,2.96083061131423
D02 - P10_07,crps_exp,3.01742269001675
D02 - P10_07,crps_cutoff,3.2030409022884276
D02 - P10_07,mse_prob,16.36607033921458
D02 - P10_07,mse_exp,16.511262108910884
D02 - P10_07,mse_cutoff,15.532564821782183
D02 - P10_07,es_exp,37.94374050889758
D02 - P10_07,es_cutoff,40.12324347703522
D02 - P10_07,fss_prob_t45,1.0
D02 - P10_07,fss_exp_t45,1.0
D02 - P10_07,fss_cutoff_t45,1.0
D02 - P10_07,fss_prob_t55,0.8727272727272728
D02 - P10_07,fss_exp_t55,0.8727272727272728
D02 - P10_07,fss_cutoff_t55,0.8856164383561644
D02 - P10_08,crps_prob,3.127716471270548
D02 - P10_08,crps_exp,3.1787008394533154
D02 - P10_08,crps_cutoff,3.3461822020039844
D02 - P10_08,mse_prob,20.92528753187352
D02 - P10_08,mse_exp,21.075810722772268
D02 - P10_08,mse_cutoff,19.946714881188118
D02 - P10_08,es_exp,40.87877535598522
D02 - P10_08,es_cutoff,41.89823145124636
D02 - P10_08,fss_prob_t45,1.0
D02 - P10_08,fss_exp_t45,1.0
D02 - P10_08,fss_cutoff_t45,1.0
D02 - P10_08,fss_prob_t55,0.8410774410774411
D02 - P10_08,fss_exp_t55,0.8410774410774411
D02 - P10_08,fss_cutoff_t55,0.8544520547945205
D02 - P10_09,crps_prob,3.305727515993639
D02 - P10_09,crps_exp,3.3522821633514703
D02 - P10_09,crps_cutoff,3.50029147959841
D02 - P10_09,mse_prob,25.886350586936903
D02 - P10_09,mse_exp,26.04172194059405
D02 - P10_09,mse_cutoff,24.74723703960396
D02 - P10_09,es_exp,43.89858263373753
D02 - P10_09,es_cutoff,43.79916285911524
D02 - P10_09,fss_prob_t45,1.0
D02 - P10_09,fss_exp_t45,1.0
D02 - P10_09,fss_cutoff_t45,1.0
D02 - P10_09,fss_prob_t55,0.8080808080808081
D02 - P10_09,fss_exp_t55,0.8080808080808081
D02 - P10_09,fss_cutoff_t55,0.8080808080808081
D02 - P10_10,crps_prob,3.491930304398929
D02 - P10_10,crps_exp,3.5351158088781864
D02 - P10_10,crps_cutoff,3.662068028424464
D02 - P10_10,mse_prob,31.182755275460313
D02 - P10_10,mse_exp,31.38173580198019
D02 - P10_10,mse_cutoff,29.89765745544555
D02 - P10_10,es_exp,46.98021494616327
D02 - P10_10,es_cutoff,45.81256601881705
D02 - P10_10,fss_prob_t45,1.0
D02 - P10_10,fss_exp_t45,1.0
D02 - P10_10,fss_cutoff_t45,1.0
D02 - P10_10,fss_prob_t55,0.7744107744107744
D02 - P10_10,fss_exp_t55,0.7744107744107744
D02 - P10_10,fss_cutoff_t55,0.7876712328767124
D02 - P10_11,crps_prob,3.6835540519779357
D02 - P10_11,crps_exp,3.7239073925410557
D02 - P10_11,crps_cutoff,3.8300994856242383
D02 - P10_11,mse_prob,36.74583687367898
D02 - P10_11,mse_exp,36.92805161386138
D02 - P10_11,mse_cutoff,35.326250099009904
D02 - P10_11,es_exp,50.0339517533889
D02 - P10_11,es_cutoff,47.89721750687663
D02 - P10_11,fss_prob_t45,1.0
D02 - P10_11,fss_exp_t45,1.0
D02 - P10_11,fss_cutoff_t45,1.0
D02 - P10_11,fss_prob_t55,0.7407407407407408
D02 - P10_11,fss_exp_t55,0.7407407407407408
D02 - P10_11,fss_cutoff_t55,0.7407407407407408
D02 - P10_12,crps_prob,3.878044901827121
D02 - P10_12,crps_exp,3.91761763743942
D02 - P10_12,crps_cutoff,4.001306554078832
D02 - P10_12,mse_prob,42.50621582394409
D02 - P10_12,mse_exp,42.72074619801981
D02 - P10_12,mse_cutoff,40.95224912871287
D02 - P10_12,es_exp,53.08554822035476
D02 - P10_12,es_cutoff,50.02634684403098
D02 - P10_12,fss_prob_t45,1.0
D02 - P10_12,fss_exp_t45,1.0
D02 - P10_12,fss_cutoff_t45,1.0
D02 - P10_12,fss_prob_t55,0.7070707070707072
D02 - P10_12,fss_exp_t55,0.7070707070707072
D02 - P10_12,fss_cutoff_t55,0.728476821192053
D02 - P10_13,crps_prob,4.073099631941638
D02 - P10_13,crps_exp,4.11100266603237
D02 - P10_13,crps_cutoff,4.1752077423958625
D02 - P10_13,mse_prob,48.39518985820134
D02 - P10_13,mse_exp,48.622434217821784
D02 - P10_13,mse_cutoff,46.73359379207921
D02 - P10_13,es_exp,56.07465032099917
D02 - P10_13,es_cutoff,52.181236009663394
D02 - P10_13,fss_prob_t45,1.0
D02 - P10_13,fss_exp_t45,1.0
D02 - P10_13,fss_cutoff_t45,1.0
D02 - P10_13,fss_prob_t55,0.6734006734006734
D02 - P10_13,fss_exp_t55,0.6734006734006734
D02 - P10_13,fss_cutoff_t55,0.695364238410596
D02 - P10_14,crps_prob,4.266682060878483
D02 - P10_14,crps_exp,4.302782683673773
D02 - P10_14,crps_cutoff,4.346337327426437
D02 - P10_14,mse_prob,54.346035630458914
D02 - P10_14,mse_exp,54.596743772277236
D02 - P10_14,mse_cutoff,52.56196707920793
D02 - P10_14,es_exp,58.991857017393265
D02 - P10_14,es_cutoff,54.31769926925831
D02 - P10_14,fss_prob_t45,1.0
D02 - P10_14,fss_exp_t45,1.0
D02 - P10_14,fss_cutoff_t45,1.0
D02 - P10_14,fss_prob_t55,0.6397306397306398
D02 - P10_14,fss_exp_t55,0.6397306397306398
D02 - P10_14,fss_cutoff_t55,0.6397306397306398
D02 - P10_15,crps_prob,4.457025943252052
D02 - P10_15,crps_exp,4.492533503800831
D02 - P10_15,crps_cutoff,4.516631403680909
D02 - P10_15,mse_prob,60.29519228082848
D02 - P10_15,mse_exp,60.573239792079214
D02 - P10_15,mse_cutoff,58.41060767326733
D02 - P10_15,es_exp,61.80916261051676
D02 - P10_15,es_cutoff,56.43408912504404
D02 - P10_15,fss_prob_t45,1.0
D02 - P10_15,fss_exp_t45,1.0
D02 - P10_15,fss_cutoff_t45,1.0
D02 - P10_15,fss_prob_t55,0.6060606060606062
D02 - P10_15,fss_exp_t55,0.6060606060606062
D02 - P10_15,fss_cutoff_t55,0.6060606060606062
D02 - P10_16,crps_prob,4.6426278378529435
D02 - P10_16,crps_exp,4.677646755666559
D02 - P10_16,crps_cutoff,4.683757619005144
D02 - P10_16,mse_prob,66.18329970266063
D02 - P10_16,mse_exp,66.46753490099012
D02 - P10_16,mse_cutoff,64.2020293069307
D02 - P10_16,es_exp,64.50924943574655
D02 - P10_16,es_cutoff,58.497810139632705
D02 - P10_16,fss_prob_t45,1.0
D02 - P10_16,fss_exp_t45,1.0
D02 - P10_16,fss_cutoff_t45,1.0
D02 - P10_16,fss_prob_t55,0.5723905723905724
D02 - P10_16,fss_exp_t55,0.5723905723905724
D02 - P10_16,fss_cutoff_t55,0.5960264900662252
D02 - P10_17,crps_prob,4.822233316044233
D02 - P10_17,crps_exp,4.856185175274285
D02 - P10_17,crps_cutoff,4.847303521343125
D02 - P10_17,mse_prob,71.9560684714611
D02 - P10_17,mse_exp,72.27986774257427
D02 - P10_17,mse_cutoff,69.87837692079209
D02 - P10_17,es_exp,67.09177949000009
D02 - P10_17,es_cutoff,60.492599095062545
D02 - P10_17,fss_prob_t45,1.0
D02 - P10_17,fss_exp_t45,1.0
D02 - P10_17,fss_cutoff_t45,1.0
D02 - P10_17,fss_prob_t55,0.5387205387205387
D02 - P10_17,fss_exp_t55,0.5387205387205387
D02 - P10_17,fss_cutoff_t55,0.5629139072847683
D02 - P10_18,crps_prob,4.994819457128543
D02 - P10_18,crps_exp,5.026348229417536
D02 - P10_18,crps_cutoff,5.003605902932636
D02 - P10_18,mse_prob,77.56496867340255
D02 - P10_18,mse_exp,77.89920937623762
D02 - P10_18,mse_cutoff,75.4309069207921
D02 - P10_18,es_exp,69.52452121590386
D02 - P10_18,es_cutoff,62.41963246549996
D02 - P10_18,fss_prob_t45,1.0
D02 - P10_18,fss_exp_t45,1.0
D02 - P10_18,fss_cutoff_t45,1.0
D02 - P10_18,fss_prob_t55,0.5050505050505051
D02 - P10_18,fss_exp_t55,0.5050505050505051
D02 - P10_18,fss_cutoff_t55,0.5050505050505051
D02 - P10_19,crps_prob,5.159575678089341
D02 - P10_19,crps_exp,5.189943547507903
D02 - P10_19,crps_cutoff,5.154109257772625
D02 - P10_19,mse_prob,82.96773976072485
D02 - P10_19,mse_exp,83.32084953465345
D02 - P10_19,mse_cutoff,80.79851951485148
D02 - P10_19,es_exp,71.8207801007807
D02 - P10_19,es_cutoff,64.26065141055166
D02 - P10_19,fss_prob_t45,1.0
D02 - P10_19,fss_exp_t45,1.0
D02 - P10_19,fss_cutoff_t45,1.0
D02 - P10_19,fss_prob_t55,0.47138047138047146
D02 - P10_19,fss_exp_t55,0.47138047138047146
D02 - P10_19,fss_cutoff_t55,0.47138047138047146
D02 - P10_20,crps_prob,5.315884333164282
D02 - P10_20,crps_exp,5.344072409042706
D02 - P10_20,crps_cutoff,5.2985632959692355
D02 - P10_20,mse_prob,88.12870458194335
D02 - P10_20,mse_exp,88.51429309900988
D02 - P10_20,mse_cutoff,85.92710587128711
D02 - P10_20,es_exp,73.96817437043981
D02 - P10_20,es_cutoff,65.99744754489494
D02 - P10_20,fss_prob_t45,1.0
D02 - P10_20,fss_exp_t45,1.0
D02 - P10_20,fss_cutoff_t45,1.0
D02 - P10_20,fss_prob_t55,0.4377104377104378
D02 - P10_20,fss_exp_t55,0.4377104377104378
D02 - P10_20,fss_cutoff_t55,0.4377104377104378
D02 - P10_21,crps_prob,5.463301586718204
D02 - P10_21,crps_exp,5.4898938344284876
D02 - P10_21,crps_cutoff,5.434657945073785
D02 - P10_21,mse_prob,93.01890498240341
D02 - P10_21,mse_exp,93.40916116831683
D02 - P10_21,mse_cutoff,90.80843809900989
D02 - P10_21,es_exp,75.95332219123105
D02 - P10_21,es_cutoff,67.63226552364057
D02 - P10_21,fss_prob_t45,1.0
D02 - P10_21,fss_exp_t45,1.0
D02 - P10_21,fss_cutoff_t45,1.0
D02 - P10_21,fss_prob_t55,0.4040404040404042
D02 - P10_21,fss_exp_t55,0.4040404040404042
D02 - P10_21,fss_cutoff_t55,0.4040404040404042
D02 - P10_22,crps_prob,5.601538842171994
D02 - P10_22,crps_exp,5.627230101388516
D02 - P10_22,crps_cutoff,5.56365262291995
D02 - P10_22,mse_prob,97.61607332988703
D02 - P10_22,mse_exp,98.04261012871285
D02 - P10_22,mse_cutoff,95.42452456435643
D02 - P10_22,es_exp,77.79838396479988
D02 - P10_22,es_cutoff,69.1604721392535
D02 - P10_22,fss_prob_t45,1.0
D02 - P10_22,fss_exp_t45,1.0
D02 - P10_22,fss_cutoff_t45,1.0
D02 - P10_22,fss_prob_t55,0.37037037037037046
D02 - P10_22,fss_exp_t55,0.37037037037037046
D02 - P10_22,fss_cutoff_t55,0.3642384105960266
D02 - P10_23,crps_prob,5.730444563576768
D02 - P10_23,crps_exp,5.754808907917819
D02 - P10_23,crps_cutoff,5.681802852357308
D02 - P10_23,mse_prob,101.904438458339
D02 - P10_23,mse_exp,102.33928232673267
D02 - P10_23,mse_cutoff,99.68687871287128
D02 - P10_23,es_exp,79.48585303968616
D02 - P10_23,es_cutoff,70.56192433167337
D02 - P10_23,fss_prob_t45,1.0
D02 - P10_23,fss_exp_t45,1.0
D02 - P10_23,fss_cutoff_t45,1.0
D02 - P10_23,fss_prob_t55,0.3367003367003367
D02 - P10_23,fss_exp_t55,0.3367003367003367
D02 - P10_23,fss_cutoff_t55,0.3642384105960266
D02 - P10_24,crps_prob,5.849987145497503
D02 - P10_24,crps_exp,5.872758144282897
D02 - P10_24,crps_cutoff,5.791060843021238
D02 - P10_24,mse_prob,105.87440289191525
D02 - P10_24,mse_exp,106.3642898811881
D02 - P10_24,mse_cutoff,103.64371548514849
D02 - P10_24,es_exp,81.04058068041063
D02 - P10_24,es_cutoff,71.8494624979237
D02 - P10_24,fss_prob_t45,1.0
D02 - P10_24,fss_exp_t45,1.0
D02 - P10_24,fss_cutoff_t45,1.0
D02 - P10_24,fss_prob_t55,0.3030303030303031
D02 - P10_24,fss_exp_t55,0.3030303030303031
D02 - P10_24,fss_cutoff_t55,0.3030303030303031
D02 - P10_25,crps_prob,5.960238891472811
D02 - P10_25,crps_exp,5.981777302054529
D02 - P10_25,crps_cutoff,5.894972556715131
D02 - P10_25,mse_prob,109.52210071837872
D02 - P10_25,mse_exp,110.0443583762376
D02 - P10_25,mse_cutoff,107.33690708910889
D02 - P10_25,es_exp,82.44732739769952
D02 - P10_25,es_cutoff,73.04499721859602
D02 - P10_25,fss_prob_t45,1.0
D02 - P10_25,fss_exp_t45,1.0
D02 - P10_25,fss_cutoff_t45,1.0
D02 - P10_25,fss_prob_t55,0.26969696969696977
D02 - P10_25,fss_exp_t55,0.26969696969696977
D02 - P10_25,fss_cutoff_t55,0.26969696969696977
D02 - P10_26,crps_prob,6.061361532199937
D02 - P10_26,crps_exp,6.081769650838957
D02 - P10_26,crps_cutoff,5.989267624059702
D02 - P10_26,mse_prob,112.84885756394496
D02 - P10_26,mse_exp,113.39922025742574
D02 - P10_26,mse_cutoff,110.69496053465345
D02 - P10_26,es_exp,83.71249329445237
D02 - P10_26,es_cutoff,74.12493824791189
D02 - P10_26,fss_prob_t45,1.0
D02 - P10_26,fss_exp_t45,1.0
D02 - P10_26,fss_cutoff_t45,1.0
D02 - P10_26,fss_prob_t55,0.23703703703703705
D02 - P10_26,fss_exp_t55,0.23703703703703705
D02 - P10_26,fss_cutoff_t55,0.23703703703703705
D02 - P10_27,crps_prob,6.153593453630346
D02 - P10_27,crps_exp,6.1723557022368905
D02 - P10_27,crps_cutoff,6.0753996769046275
D02 - P10_27,mse_prob,115.86059285673782
D02 - P10_27,mse_exp,116.42416130693069
D02 - P10_27,mse_cutoff,113.73714340594059
D02 - P10_27,es_exp,84.84132490981227
D02 - P10_27,es_cutoff,75.09436709965976
D02 - P10_27,fss_prob_t45,1.0
D02 - P10_27,fss_exp_t45,1.0
D02 - P10_27,fss_cutoff_t45,1.0
D02 - P10_27,fss_prob_t55,0.20538720538720545
D02 - P10_27,fss_exp_t55,0.20538720538720545
D02 - P10_27,fss_cutoff_t55,0.20538720538720545
D02 - P10_28,crps_prob,6.237238143687472
D02 - P10_28,crps_exp,6.2558437645566345
D02 - P10_28,crps_cutoff,6.153743624812932
D02 - P10_28,mse_prob,118.5671745763337
D02 - P10_28,mse_exp,119.18647651485149
D02 - P10_28,mse_cutoff,116.53164555445544
D02 - P10_28,es_exp,85.8580703236983
D02 - P10_28,es_cutoff,75.980106705925
D02 - P10_28,fss_prob_t45,1.0
D02 - P10_28,fss_exp_t45,1.0
D02 - P10_28,fss_cutoff_t45,1.0
D02 - P10_28,fss_prob_t55,0.17508417508417518
D02 - P10_28,fss_exp_t55,0.17508417508417518
D02 - P10_28,fss_cutoff_t55,0.17508417508417518
D02 - P10_29,crps_prob,6.312653526306694
D02 - P10_29,crps_exp,6.3301127860533795
D02 - P10_29,crps_cutoff,6.223018186503336
D02 - P10_29,mse_prob,120.98175345688709
D02 - P10_29,mse_exp,121.60771099009901
D02 - P10_29,mse_cutoff,118.96826584158414
D02 - P10_29,es_exp,86.74639577690104
D02 - P10_29,es_cutoff,76.75077519515418
D02 - P10_29,fss_prob_t45,1.0
D02 - P10_29,fss_exp_t45,1.0
D02 - P10_29,fss_cutoff_t45,1.0
D02 - P10_29,fss_prob_t55,0.14646464646464663
D02 - P10_29,fss_exp_t55,0.14646464646464663
D02 - P10_29,fss_cutoff_t55,0.14646464646464663
D02 - P10_30,crps_prob,6.380241805397536
D02 - P10_30,crps_exp,6.395630680185136
D02 - P10_30,crps_cutoff,6.285499578786707
D02 - P10_30,mse_prob,123.1201044413812
D02 - P10_30,mse_exp,123.76981806930694
D02 - P10_30,mse_cutoff,121.16105871287128
D02 - P10_30,es_exp,87.53233821628999
D02 - P10_30,es_cutoff,77.43943246246114
D02 - P10_30,fss_prob_t45,1.0
D02 - P10_30,fss_exp_t45,1.0
D02 - P10_30,fss_cutoff_t45,1.0
D02 - P10_30,fss_prob_t55,0.11986531986532001
D02 - P10_30,fss_exp_t55,0.11986531986532001
D02 - P10_30,fss_cutoff_t55,0.11986531986532001
D02 - P10_31,crps_prob,6.440439655172816
D02 - P10_31,crps_exp,6.455591988027632
D02 - P10_31,crps_cutoff,6.340137880454713
D02 - P10_31,mse_prob,124.99998135539823
D02 - P10_31,mse_exp,125.67240341584159
D02 - P10_31,mse_cutoff,123.08672892079208
D02 - P10_31,es_exp,88.21830798592146
D02 - P10_31,es_cutoff,78.04384440515985
D02 - P10_31,fss_prob_t45,1.0
D02 - P10_31,fss_exp_t45,1.0
D02 - P10_31,fss_cutoff_t45,1.0
D02 - P10_31,fss_prob_t55,0.0956228956228955
D02 - P10_31,fss_exp_t55,0.0956228956228955
D02 - P10_31,fss_cutoff_t55,0.0956228956228955
D02 - P10_32,crps_prob,6.493709084487833
D02 - P10_32,crps_exp,6.508020931822911
D02 - P10_32,crps_cutoff,6.388652018354987
D02 - P10_32,mse_prob,126.64051206758572
D02 - P10_32,mse_exp,127.34041085148513
D02 - P10_32,mse_cutoff,124.7875532079208
D02 - P10_32,es_exp,88.81901734934368
D02 - P10_32,es_cutoff,78.5771107982832
D02 - P10_32,fss_prob_t45,1.0
D02 - P10_32,fss_exp_t45,1.0
D02 - P10_32,fss_cutoff_t45,1.0
D02 - P10_32,fss_prob_t55,0.07407407407407418
D02 - P10_32,fss_exp_t55,0.07407407407407418
D02 - P10_32,fss_cutoff_t55,0.07407407407407418
D02 - P10_33,crps_prob,6.5405290634400215
D02 - P10_33,crps_exp,6.554922982388328
D02 - P10_33,crps_cutoff,6.432330964627994
D02 - P10_33,mse_prob,128.0616341374332
D02 - P10_33,mse_exp,128.81725367326734
D02 - P10_33,mse_cutoff,126.24412864356437
D02 - P10_33,es_exp,89.34486804222176
D02 - P10_33,es_cutoff,79.03268057981755
D02 - P10_33,fss_prob_t45,1.0
D02 - P10_33,fss_exp_t45,1.0
D02 - P10_33,fss_cutoff_t45,1.0
D02 - P10_33,fss_prob_t55,0.05555555555555547
D02 - P10_33,fss_exp_t55,0.05555555555555547
D02 - P10_33,fss_cutoff_t55,0.05650684931506844
D02 - P10_34,crps_prob,6.581388431681532
D02 - P10_34,crps_exp,6.595413988245672
D02 - P10_34,crps_cutoff,6.469473671691493
D02 - P10_34,mse_prob,129.28358733838832
D02 - P10_34,mse_exp,130.0456378811881
D02 - P10_34,mse_cutoff,127.49664061386136
D02 - P10_34,es_exp,89.77678843114381
D02 - P10_34,es_cutoff,79.42324425472867
D02 - P10_34,fss_prob_t45,1.0
D02 - P10_34,fss_exp_t45,1.0
D02 - P10_34,fss_cutoff_t45,1.0
D02 - P10_34,fss_prob_t55,0.04040404040404033
D02 - P10_34,fss_exp_t55,0.04040404040404033
D02 - P10_34,fss_cutoff_t55,0.041095890410958846
D02 - P10_35,crps_prob,6.616779787615317
D02 - P10_35,crps_exp,6.632157206711662
D02 - P10_35,crps_cutoff,6.503149129327346
D02 - P10_35,mse_prob,130.32646992794133
D02 - P10_35,mse_exp,131.15086054455446
D02 - P10_35,mse_cutoff,128.59984755445544
D02 - P10_35,es_exp,90.16742322065858
D02 - P10_35,es_cutoff,79.76737261266
D02 - P10_35,fss_prob_t45,1.0
D02 - P10_35,fss_exp_t45,1.0
D02 - P10_35,fss_cutoff_t45,1.0
D02 - P10_35,fss_prob_t55,0.028282828282828243
D02 - P10_35,fss_exp_t55,0.028282828282828243
D02 - P10_35,fss_cutoff_t55,0.028282828282828243
D02 - P10_36,crps_prob,6.6471944528977644
D02 - P10_36,crps_exp,6.661069861941149
D02 - P10_36,crps_cutoff,6.529819562136393
D02 - P10_36,mse_prob,131.209859020702
D02 - P10_36,mse_exp,132.04792649504952
D02 - P10_36,mse_cutoff,129.47657296039603
D02 - P10_36,es_exp,90.48040971541946
D02 - P10_36,es_cutoff,80.04054456111982
D02 - P10_36,fss_prob_t45,1.0
D02 - P10_36,fss_exp_t45,1.0
D02 - P10_36,fss_cutoff_t45,1.0
D02 - P10_36,fss_prob_t55,0.018855218855219014
D02 - P10_36,fss_exp_t55,0.018855218855219014
D02 - P10_36,fss_cutoff_t55,0.018855218855219014
D02 - P10_37,crps_prob,6.673117879756099
D02 - P10_37,crps_exp,6.686536417605724
D02 - P10_37,crps_cutoff,6.551056541690206
D02 - P10_37,mse_prob,131.95250481592393
D02 - P10_37,mse_exp,132.82368845544553
D02 - P10_37,mse_cutoff,130.19210475247527
D02 - P10_37,es_exp,90.74884663829555
D02 - P10_37,es_cutoff,80.26534875449818
D02 - P10_37,fss_prob_t45,1.0
D02 - P10_37,fss_exp_t45,1.0
D02 - P10_37,fss_cutoff_t45,1.0
D02 - P10_37,fss_prob_t55,0.011784511784511786
D02 - P10_37,fss_exp_t55,0.011784511784511786
D02 - P10_37,fss_cutoff_t55,0.011784511784511786
D02 - P10_38,crps_prob,6.69502518217805
D02 - P10_38,crps_exp,6.709166750909326
D02 - P10_38,crps_cutoff,6.570760384146523
D02 - P10_38,mse_prob,132.57208423939892
D02 - P10_38,mse_exp,133.44444816831685
D02 - P10_38,mse_cutoff,130.7709380990099
D02 - P10_38,es_exp,90.96573036968053
D02 - P10_38,es_cutoff,80.4460554697295
D02 - P10_38,fss_prob_t45,1.0
D02 - P10_38,fss_exp_t45,1.0
D02 - P10_38,fss_cutoff_t45,1.0
D02 - P10_38,fss_prob_t55,0.006734006734006703
D02 - P10_38,fss_exp_t55,0.006734006734006703
D02 - P10_38,fss_cutoff_t55,0.006734006734006703
D02 - P10_39,crps_prob,6.713376428082799
D02 - P10_39,crps_exp,6.727169843110437
D02 - P10_39,crps_cutoff,6.586795488557865
D02 - P10_39,mse_prob,133.0850308409883
D02 - P10_39,mse_exp,133.97077133663367
D02 - P10_39,mse_cutoff,131.28213578217822
D02 - P10_39,es_exp,91.14520451699403
D02 - P10_39,es_cutoff,80.60854162237129
D02 - P10_39,fss_prob_t45,1.0
D02 - P10_39,fss_exp_t45,1.0
D02 - P10_39,fss_cutoff_t45,1.0
D02 - P10_39,fss_prob_t55,0.0033670033670035737
D02 - P10_39,fss_exp_t55,0.0033670033670035737
D02 - P10_39,fss_cutoff_t55,0.001369863013698569
D02 - P10_40,crps_prob,6.728611611852848
D02 - P10_40,crps_exp,6.743952744824032
D02 - P10_40,crps_cutoff,6.599929592959295
D02 - P10_40,mse_prob,133.50641103657475
D02 - P10_40,mse_exp,134.4574295049505
D02 - P10_40,mse_cutoff,131.65870438613862
D02 - P10_40,es_exp,91.31262602660232
D02 - P10_40,es_cutoff,80.72494198233774
D02 - P10_40,fss_prob_t45,1.0
D02 - P10_40,fss_exp_t45,1.0
D02 - P10_40,fss_cutoff_t45,1.0
D02 - P10_40,fss_prob_t55,0.0013468013468014295
D02 - P10_40,fss_exp_t55,0.0013468013468014295
D02 - P10_40,fss_cutoff_t55,0.00034246575342444796
D02 - P10_41,crps_prob,6.741145698516583
D02 - P10_41,crps_exp,6.756418656280044
D02 - P10_41,crps_cutoff,6.609711275632068
D02 - P10_41,mse_prob,133.84986591582575
D02 - P10_41,mse_exp,134.8276995247525
D02 - P10_41,mse_cutoff,131.98826704950494
D02 - P10_41,es_exp,91.43737164353743
D02 - P10_41,es_cutoff,80.82766462520188
D02 - P10_41,fss_prob_t45,1.0
D02 - P10_41,fss_exp_t45,1.0
D02 - P10_41,fss_cutoff_t45,1.0
D02 - P10_41,fss_prob_t55,0.00033670033670030186
D02 - P10_41,fss_exp_t55,0.00033670033670030186
D02 - P10_41,fss_cutoff_t55,0.00033670033670030186
D02 - P10_42,crps_prob,6.751364015471605
D02 - P10_42,crps_exp,6.767351430638559
D02 - P10_42,crps_cutoff,6.616835449310695
D02 - P10_42,mse_prob,134.12759029465101
D02 - P10_42,mse_exp,135.1472872475248
D02 - P10_42,mse_cutoff,132.20139080198018
D02 - P10_42,es_exp,91.53995482487312
D02 - P10_42,es_cutoff,80.89328482890183
D02 - P10_42,fss_prob_t45,1.0
D02 - P10_42,fss_exp_t45,1.0
D02 - P10_42,fss_cutoff_t45,1.0
D02 - P10_42,fss_prob_t55,0.0
D02 - P10_42,fss_exp_t55,0.0
D02 - P10_42,fss_cutoff_t55,0.0
D02 - P10_43,crps_prob,6.759618485622195
D02 - P10_43,crps_exp,6.776763971892685
D02 - P10_43,crps_cutoff,6.621381460668587
D02 - P10_43,mse_prob,134.35035650586835
D02 - P10_43,mse_exp,135.39729034653467
D02 - P10_43,mse_cutoff,132.32103916831684
D02 - P10_43,es_exp,91.61969585753462
D02 - P10_43,es_cutoff,80.9302759721308
D02 - P10_43,fss_prob_t45,1.0
D02 - P10_43,fss_exp_t45,1.0
D02 - P10_43,fss_cutoff_t45,1.0
D02 - P10_43,fss_prob_t55,0.0
D02 - P10_43,fss_exp_t55,0.0
D02 - P10_43,fss_cutoff_t55,0.0
D02 - P10_44,crps_prob,6.766225044149628
D02 - P10_44,crps_exp,6.78228008206226
D02 - P10_44,crps_cutoff,6.624814814814816
D02 - P10_44,mse_prob,134.52756155849048
D02 - P10_44,mse_exp,135.57139288118813
D02 - P10_44,mse_cutoff,132.41344800000005
D02 - P10_44,es_exp,91.67812954832733
D02 - P10_44,es_cutoff,80.95866577750056
D02 - P10_44,fss_prob_t45,1.0
D02 - P10_44,fss_exp_t45,1.0
D02 - P10_44,fss_cutoff_t45,1.0
D02 - P10_44,fss_prob_t55,0.0
D02 - P10_44,fss_exp_t55,0.0
D02 - P10_44,fss_cutoff_t55,0.0
D02 - P10_45,crps_prob,6.771462273720208
D02 - P10_45,crps_exp,6.789814428289676
D02 - P10_45,crps_cutoff,6.628884072191004
D02 - P10_45,mse_prob,134.66729567892256
D02 - P10_45,mse_exp,135.74697473267327
D02 - P10_45,mse_cutoff,132.48001979207925
D02 - P10_45,es_exp,91.73145067869802
D02 - P10_45,es_cutoff,80.97840908086117
D02 - P10_45,fss_prob_t45,1.0
D02 - P10_45,fss_exp_t45,1.0
D02 - P10_45,fss_cutoff_t45,1.0
D02 - P10_45,fss_prob_t55,0.0
D02 - P10_45,fss_exp_t55,0.0
D02 - P10_45,fss_cutoff_t55,0.0
D02 - P10_46,crps_prob,6.775571079387739
D02 - P10_46,crps_exp,6.7948194729382845
D02 - P10_46,crps_cutoff,6.630823536407697
D02 - P10_46,mse_prob,134.7764249538316
D02 - P10_46,mse_exp,135.8673238811881
D02 - P10_46,mse_cutoff,132.47665030693068
D02 - P10_46,es_exp,91.7656227176222
D02 - P10_46,es_cutoff,80.97539313212656
D02 - P10_46,fss_prob_t45,1.0
D02 - P10_46,fss_exp_t45,1.0
D02 - P10_46,fss_cutoff_t45,1.0
D02 - P10_46,fss_prob_t55,0.0
D02 - P10_46,fss_exp_t55,0.0
D02 - P10_46,fss_cutoff_t55,0.0
D02 - P10_47,crps_prob,6.77875505960856
D02 - P10_47,crps_exp,6.798965956055065
D02 - P10_47,crps_cutoff,6.6331577121676135
D02 - P10_47,mse_prob,134.86066630012863
D02 - P10_47,mse_exp,135.97356582178216
D02 - P10_47,mse_cutoff,132.4682387524753
D02 - P10_47,es_exp,91.79822743038913
D02 - P10_47,es_cutoff,80.97212245768726
D02 - P10_47,fss_prob_t45,1.0
D02 - P10_47,fss_exp_t45,1.0
D02 - P10_47,fss_cutoff_t45,1.0
D02 - P10_47,fss_prob_t55,0.0
D02 - P10_47,fss_exp_t55,0.0
D02 - P10_47,fss_cutoff_t55,0.0
D02 - P10_48,crps_prob,6.781181194507447
D02 - P10_48,crps_exp,6.803231270874837
D02 - P10_48,crps_cutoff,6.633954845935047
D02 - P10_48,mse_prob,134.92466076993438
D02 - P10_48,mse_exp,136.09824346534657
D02 - P10_48,mse_cutoff,132.47546639603962
D02 - P10_48,es_exp,91.83307410233047
D02 - P10_48,es_cutoff,80.97401724364038
D02 - P10_48,fss_prob_t45,1.0
D02 - P10_48,fss_exp_t45,1.0
D02 - P10_48,fss_cutoff_t45,1.0
D02 - P10_48,fss_prob_t55,0.0
D02 - P10_48,fss_exp_t55,0.0
D02 - P10_48,fss_cutoff_t55,0.0
D02 - P10_49,crps_prob,6.782980044662497
D02 - P10_49,crps_exp,6.805947551511907
D02 - P10_49,crps_cutoff,6.632113479816451
D02 - P10_49,mse_prob,134.97202077784718
D02 - P10_49,mse_exp,136.1770318118812
D02 - P10_49,mse_cutoff,132.40462969306932
D02 - P10_49,es_exp,91.85361625717161
D02 - P10_49,es_cutoff,80.9523042765082
D02 - P10_49,fss_prob_t45,1.0
D02 - P10_49,fss_exp_t45,1.0
D02 - P10_49,fss_cutoff_t45,1.0
D02 - P10_49,fss_prob_t55,0.0
D02 - P10_49,fss_exp_t55,0.0
D02 - P10_49,fss_cutoff_t55,0.0
D02 - P10_50,crps_prob,6.784245107614242
D02 - P10_50,crps_exp,6.80749494048504
D02 - P10_50,crps_cutoff,6.63134607875202
D02 - P10_50,mse_prob,135.0053384085245
D02 - P10_50,mse_exp,136.22447810891092
D02 - P10_50,mse_cutoff,132.3639812970297
D02 - P10_50,es_exp,91.8650175783786
D02 - P10_50,es_cutoff,80.93873639575648
D02 - P10_50,fss_prob_t45,1.0
D02 - P10_50,fss_exp_t45,1.0
D02 - P10_50,fss_cutoff_t45,1.0
D02 - P10_50,fss_prob_t55,0.0
D02 - P10_50,fss_exp_t55,0.0
D02 - P10_50,fss_cutoff_t55,0.0
D02 - P00,crps_prob,4.484607637056619
D02 - P00,crps_exp,4.496080535981526
D02 - P00,crps_cutoff,4.608684308070447
D02 - P00,mse_prob,65.06934228275357
D02 - P00,mse_exp,64.48970922772278
D02 - P00,mse_cutoff,64.63922963366338
D02 - P00,es_exp,59.77865305937818
D02 - P00,es_cutoff,58.595945357839454
D02 - P00,fss_prob_t45,1.0
D02 - P00,fss_exp_t45,1.0
D02 - P00,fss_cutoff_t45,1.0
D02 - P00,fss_prob_t55,0.0
D02 - P00,fss_exp_t55,0.0
D02 - P00,fss_cutoff_t55,0.0
